{
  "execPath": "C:/Users/KAIS ALILA/.platformio/packages/toolchain-atmelavr/bin/avr-g++.exe",
  "gccDefaultCFlags": "-fsyntax-only -std=gnu11 -fno-fat-lto-objects -g3 -fmax-errors=5 -Os -Wall -ffunction-sections -fdata-sections -flto -mmcu=atmega2560 -DPLATFORMIO=50205 -DARDUINO_AVR_MEGA2560 -D__MARLIN_FIRMWARE__ -DNDEBUG -DF_CPU=16000000L -DARDUINO_ARCH_AVR -DARDUINO=10808 -D__AVR_ATmega2560__",
  "gccDefaultCppFlags": "-fsyntax-only -fno-exceptions -fno-threadsafe-statics -fpermissive -std=gnu++11 -g3 -fmax-errors=5 -Os -Wall -ffunction-sections -fdata-sections -flto -mmcu=atmega2560 -DPLATFORMIO=50205 -DARDUINO_AVR_MEGA2560 -D__MARLIN_FIRMWARE__ -DNDEBUG -DF_CPU=16000000L -DARDUINO_ARCH_AVR -DARDUINO=10808 -D__AVR_ATmega2560__",
  "gccErrorLimit": 15,
  "gccIncludePaths": "C:/Users/KAIS ALILA/Downloads/Marlin-2.0.x/Marlin-2.0.x/Marlin,C:/Users/KAIS ALILA/.platformio/packages/framework-arduino-avr/libraries/SoftwareSerial/src,C:/Users/KAIS ALILA/.platformio/packages/framework-arduino-avr/libraries/EEPROM/src,C:/Users/KAIS ALILA/.platformio/packages/framework-arduino-avr/libraries/Wire/src,C:/Users/KAIS ALILA/.platformio/packages/framework-arduino-avr/libraries/SPI/src,C:/Users/KAIS ALILA/.platformio/packages/framework-arduino-avr/cores/arduino,C:/Users/KAIS ALILA/.platformio/packages/framework-arduino-avr/variants/mega,C:/Users/KAIS ALILA/.platformio/packages/framework-arduino-avr/libraries/HID/src,C:/Users/KAIS ALILA/.platformio/packages/toolchain-atmelavr/lib/gcc/avr/7.3.0/include,C:/Users/KAIS ALILA/.platformio/packages/toolchain-atmelavr/lib/gcc/avr/7.3.0/include-fixed,C:/Users/KAIS ALILA/.platformio/packages/toolchain-atmelavr/avr/include",
  "gccSuppressWarnings": false
}
